Workbook
Name _Hlk139032887: Leistungsklassen!$B$7

Sheet Rechnung
K1: Name Unternehmen
K2: Vor- und Nachname
K3: Adresszeile 1
E4: Logo | K4: Adresszeile 2
K5: Telefon
K6: E-Mail
K7: Website
C12: Name Unternehmen·Vor/Nachname·
C13: Adresszeile1 · Adresszeile2
C15: =IF(IF(ISERROR(VLOOKUP($I$32,Informationen!$L:$P,2,FALSE)),"",VLOOKUP($I$32,Informationen!$L:$P,2,FALSE))=0,"",VLOOKUP($I$32,Informationen!$L:$P,2,FALSE)) -> -
C16: =IF(IF(ISERROR(VLOOKUP($I$32,Informationen!$L:$P,3,FALSE)),"",VLOOKUP($I$32,Informationen!$L:$P,3,FALSE))=0,"",VLOOKUP($I$32,Informationen!$L:$P,3,FALSE)) -> -
C17: =IF(IF(ISERROR(VLOOKUP($I$32,Informationen!$L:$P,4,FALSE)),"",VLOOKUP($I$32,Informationen!$L:$P,4,FALSE))=0,"",VLOOKUP($I$32,Informationen!$L:$P,4,FALSE)) -> -
C19: =IF(IF(ISERROR(VLOOKUP($I$32,Informationen!$L:$P,5,FALSE)),"",VLOOKUP($I$32,Informationen!$L:$P,5,FALSE))=0,"",VLOOKUP($I$32,Informationen!$L:$P,5,FALSE)) -> -
C21: =IF(Eingabe!$E$5=TRUE,"Rechnung - Verhinderungspflege",IF(Eingabe!$E$8=TRUE,"Rechnung - Privat", "Rechnung - Alltagshilfe")) -> Rechnung - Verhinderungspflege
C24: Leistungszeitraum: | G24: =EOMONTH(I26,-1)+1 -> 46143 | H24: bis | I24: =EOMONTH(I26,0) -> 46173
C25: Rechnungsnummer: | G25: 050022026
C26: Rechnungsdatum: | I26: =TODAY() -> 46160
D29: Leistungsemfänger | G29: Name, Vorname: | I29: =IF(Eingabe!$E$12=0,VLOOKUP(0,Kundeninformation[],3,FALSE),VLOOKUP(Eingabe!$C$5,Kundeninformation[],3,FALSE)) -> -
G30: Adresse: | I30: =IF(Eingabe!$E$12=0,VLOOKUP(0,Kundeninformation[],3,FALSE),VLOOKUP(Eingabe!$C$5,Kundeninformation[],4,FALSE)) -> -
G31: Geburtstag: | I31: =IF(Eingabe!$E$12=0,VLOOKUP(0,Kundeninformation[],3,FALSE),VLOOKUP(Eingabe!$C$5,Kundeninformation[],5,FALSE)) -> -
G32: KK: | I32: =IF(Eingabe!$E$12=0,VLOOKUP(0,Kundeninformation[],3,FALSE),VLOOKUP(Eingabe!$C$5,Kundeninformation[],6,FALSE)) -> -
G33: Vers. Nr.: | I33: =IF(Eingabe!$E$12=0,VLOOKUP(0,Kundeninformation[],3,FALSE),VLOOKUP(Eingabe!$C$5,Kundeninformation[],7,FALSE)) -> -
G34: Pflegegrad: | I34: =IF(Eingabe!$E$12=0,VLOOKUP(0,Kundeninformation[],3,FALSE),VLOOKUP(Eingabe!$C$5,Kundeninformation[],8,FALSE)) -> -
C37: Anz. Einzätze | F37: Leistung | J37: Einzel [€] | L37: Gesamt [€]
C38: 1 | F38: AK 2,167 | G38: =IF(ISERROR(VLOOKUP(F38,Leistungsklassen[],3,FALSE)),"",(VLOOKUP(F38,Leistungsklassen[],3,FALSE))) -> pro 2,10 Std. inkl. EP | J38: =IF(ISERROR(VLOOKUP(F38,Leistungsklassen[],2,FALSE)),"",(VLOOKUP(F38,Leistungsklassen[],2,FALSE))) -> 68.5 | L38: =IF(ISERROR(C38*J38),"",C38*J38) -> 68.5
C39: 1 | F39: AK 2,5 | G39: =IF(ISERROR(VLOOKUP(F39,Leistungsklassen[],3,FALSE)),"",(VLOOKUP(F39,Leistungsklassen[],3,FALSE))) -> pro 2,30 Std. inkl. EP | J39: =IF(ISERROR(VLOOKUP(F39,Leistungsklassen[],2,FALSE)),"",(VLOOKUP(F39,Leistungsklassen[],2,FALSE))) -> 78.13 | L39: =IF(ISERROR(C39*J39),"",C39*J39) -> 78.13
G40: =IF(ISERROR(VLOOKUP(F40,Leistungsklassen[],3,FALSE)),"",(VLOOKUP(F40,Leistungsklassen[],3,FALSE))) | J40: =IF(ISERROR(VLOOKUP(F40,Leistungsklassen[],2,FALSE)),"",(VLOOKUP(F40,Leistungsklassen[],2,FALSE))) | L40: =IF(ISERROR(C40*J40),"",C40*J40)
G41: =IF(ISERROR(VLOOKUP(F41,Leistungsklassen[],3,FALSE)),"",(VLOOKUP(F41,Leistungsklassen[],3,FALSE))) | J41: =IF(ISERROR(VLOOKUP(F41,Leistungsklassen[],2,FALSE)),"",(VLOOKUP(F41,Leistungsklassen[],2,FALSE))) | L41: =IF(ISERROR(C41*J41),"",C41*J41)
G42: =IF(ISERROR(VLOOKUP(F42,Leistungsklassen[],3,FALSE)),"",(VLOOKUP(F42,Leistungsklassen[],3,FALSE))) | J42: =IF(ISERROR(VLOOKUP(F42,Leistungsklassen[],2,FALSE)),"",(VLOOKUP(F42,Leistungsklassen[],2,FALSE))) | L42: =IF(ISERROR(C42*J42),"",C42*J42)
G43: =IF(ISERROR(VLOOKUP(F43,Leistungsklassen[],3,FALSE)),"",(VLOOKUP(F43,Leistungsklassen[],3,FALSE))) | J43: Rechnungssumme: | L43: =IF(SUM(L38:L42)=0,"",SUM(L38:L42)) -> 146.63
C45: =IF(ISERROR(VLOOKUP($F38,AKTABELLE[],2,FALSE)),"",(VLOOKUP($F38,AKTABELLE[],2,FALSE))) -> Leistung 2,167 | E45: =IF(ISERROR(VLOOKUP($F38,AKTABELLE[],3,FALSE)),"",(VLOOKUP($F38,AKTABELLE[],3,FALSE))) -> Abrechnung über die Krankenkasse | H45: =IF(ISERROR(VLOOKUP($F38,AKTABELLE[],5,FALSE)),"",(VLOOKUP($F38,AKTABELLE[],5,FALSE))) -> 68.5 | I45: =IF(ISERROR(VLOOKUP($F38,AKTABELLE[],6,FALSE)),"",(VLOOKUP($F38,AKTABELLE[],6,FALSE))) -> pro 2,10 Std. inkl. Einsatzpauschale | L45: =IF(ISERROR(VLOOKUP($F38,AKTABELLE[],4,FALSE)),"",(VLOOKUP($F38,AKTABELLE[],4,FALSE))) -> Alltagshilfe
C46: =IF(ISERROR(VLOOKUP($F39,AKTABELLE[],2,FALSE)),"",(VLOOKUP($F39,AKTABELLE[],2,FALSE))) -> Leistung AK 2,5 | E46: =IF(ISERROR(VLOOKUP($F39,AKTABELLE[],3,FALSE)),"",(VLOOKUP($F39,AKTABELLE[],3,FALSE))) -> Abrechnung über die Krankenkasse | H46: =IF(ISERROR(VLOOKUP($F39,AKTABELLE[],5,FALSE)),"",(VLOOKUP($F39,AKTABELLE[],5,FALSE))) -> 78.13 | I46: =IF(ISERROR(VLOOKUP($F39,AKTABELLE[],6,FALSE)),"",(VLOOKUP($F39,AKTABELLE[],6,FALSE))) -> pro 2,30 Std. inkl. Einsatzpauschale | L46: =IF(ISERROR(VLOOKUP($F39,AKTABELLE[],4,FALSE)),"",(VLOOKUP($F39,AKTABELLE[],4,FALSE))) -> Alltagshilfe
C47: =IF(ISERROR(VLOOKUP($F40,AKTABELLE[],2,FALSE)),"",(VLOOKUP($F40,AKTABELLE[],2,FALSE))) | E47: =IF(ISERROR(VLOOKUP($F40,AKTABELLE[],3,FALSE)),"",(VLOOKUP($F40,AKTABELLE[],3,FALSE))) | H47: =IF(ISERROR(VLOOKUP($F40,AKTABELLE[],5,FALSE)),"",(VLOOKUP($F40,AKTABELLE[],5,FALSE))) | I47: =IF(ISERROR(VLOOKUP($F40,AKTABELLE[],6,FALSE)),"",(VLOOKUP($F40,AKTABELLE[],6,FALSE))) | L47: =IF(ISERROR(VLOOKUP($F40,AKTABELLE[],4,FALSE)),"",(VLOOKUP($F40,AKTABELLE[],4,FALSE)))
C48: =IF(ISERROR(VLOOKUP($F41,AKTABELLE[],2,FALSE)),"",(VLOOKUP($F41,AKTABELLE[],2,FALSE))) | E48: =IF(ISERROR(VLOOKUP($F41,AKTABELLE[],3,FALSE)),"",(VLOOKUP($F41,AKTABELLE[],3,FALSE))) | H48: =IF(ISERROR(VLOOKUP($F41,AKTABELLE[],5,FALSE)),"",(VLOOKUP($F41,AKTABELLE[],5,FALSE))) | I48: =IF(ISERROR(VLOOKUP($F41,AKTABELLE[],6,FALSE)),"",(VLOOKUP($F41,AKTABELLE[],6,FALSE))) | L48: =IF(ISERROR(VLOOKUP($F41,AKTABELLE[],4,FALSE)),"",(VLOOKUP($F41,AKTABELLE[],4,FALSE)))
C49: =IF(ISERROR(VLOOKUP($F42,AKTABELLE[],2,FALSE)),"",(VLOOKUP($F42,AKTABELLE[],2,FALSE))) | E49: =IF(ISERROR(VLOOKUP($F42,AKTABELLE[],3,FALSE)),"",(VLOOKUP($F42,AKTABELLE[],3,FALSE))) | H49: =IF(ISERROR(VLOOKUP($F42,AKTABELLE[],5,FALSE)),"",(VLOOKUP($F42,AKTABELLE[],5,FALSE))) | I49: =IF(ISERROR(VLOOKUP($F42,AKTABELLE[],6,FALSE)),"",(VLOOKUP($F42,AKTABELLE[],6,FALSE))) | L49: =IF(ISERROR(VLOOKUP($F42,AKTABELLE[],4,FALSE)),"",(VLOOKUP($F42,AKTABELLE[],4,FALSE)))
B52: Im ausgewiesenen Rechnungsbetrag ist gemäß §4/16UstG keine Umsatzsteuer enthalten.
B55: Vor/Nachname – Namen Unternehmen
B56: Adresszeile1 · Adresszeile2 · Telefon · Mobil ·
B57: IK-Nr. · Steuer Nr. · IBAN
B58: webseite

Sheet Leistungsnachweis
A2: =IF(Eingabe!$E$5=TRUE,"Leistungsnachweis Verhinderungspflege für: ", "Leistungsnachweis Alltagshilfe für:") -> Leistungsnachweis Verhinderungspflege für: | H2: =Rechnung!I24+1 -> 46174 | N2: LOGO
A3: Rechnungsnummer:
A5: Versicherte Person: | D5: =Rechnung!I29 & " - " & Rechnung!I30 -> - - -
A6: Geburtsdatum: | C6: =Rechnung!I31 -> - | E6: Krankenkasse: | F6: =Rechnung!I32 -> - | J6: Vers. Nr.: | L6: =Rechnung!I33 -> - | N6: Pflegegrad: | O6: =Rechnung!I34 -> -
A8: Tag | B8: Datum | E8: Uhrzeit | G8: Dauer (h) | I8: Unterschrift UA | M8: Unterschrift Kunde
M25: Gesamtstunden:
A27: Hiermit erteile ich eine Abtretungserklärung und mein Einverständnis, dass „Unterstützung im Alltag“ die Leistungen nach §45b SGB XI Entlastungsbeitrag, sowie die Leistungen mit Umwandlung der Pflegesachleistung nach § 45a SGB XI direkt mit der Krankenkasse abrechnen darf.
A31: Mit meiner Unterschrift erkläre ich die Richtigkeit aller Einträge.
A35: Unterstützung im Alltag | L35: Kundin/Kunde
A38: Vor/Nachname – Namen Unternehmen
A39: Adresszeile1 · Adresszeile2 · Telefon · Mobil ·
A40: IK-Nr. · Steuer Nr. · IBAN
A41: webseite

Sheet Eingabe
B2: Eingabebereich
B5: Kunde: | C5: 1 | E5: TRUE | F5: Gutschrift: | G5: 40
E8: FALSE
E11: Aktueller ausgewählter Kunde:
E12: =IF(ISERROR(VLOOKUP(C5,Kundeninformation[],2,FALSE)),"-",VLOOKUP(C5,Kundeninformation[],2,FALSE)) -> -
E14: =IF($E$5=TRUE,"Verhinderungspflege",IF($E$8=TRUE,"Privat", "Alltagshilfe")) -> Verhinderungspflege

Sheet Informationen
B2: Kundeninformationen | L2: Krankenkasseninformation
B3: Nummer | C3: Nachname2 | D3: Namen | E3: Adresse | F3: Geburtsdatum | G3: Krankenkasse | H3: Versicherungsnummer | I3: Pflegegrad | L3: Name | M3: Adress Zeile 1 | N3: Adress Zeile 2 | O3: Adress Zeile 3 | P3: Adress Zeile 4
B4: 1 | C4: - | D4: - | E4: - | F4: - | G4: - | H4: - | I4: - | L4: - | M4: - | N4: - | O4: - | P4: -
B5: 2 | C5: Mustermann | D5: Max | E5: Musterstraße 1 Musterstadt 0000 | F5: 36526 | G5: M | H5: M 0121 | I5: 1 | L5: M | M5: Musterkasse | N5: Musterstraße 100 | O5: Musterstadt | P5: 0
B6: 3
B7: 4
B8: 5
B9: 6
B10: 7
B11: 8
B12: 9
B13: 10
B14: 11
B15: 12
B16: 13
B17: 14
... B25: 22

Sheet Leistungsklassen
A1: Leistung AK 001 | B1: Gutschrift über Differenzbetrag Krankenkasse | C1: Alltagshilfe
A2: Leistung AK 002
H3: Leistungsklassen
A4: Spalte6 | B4: Spalte1 | C4: Spalte2 | D4: Spalte3 | E4: Spalte4 | F4: Spalte5 | H4: Spalte1 | I4: Spalte2 | J4: Spalte3
A5: AK 1 | B5: Leistung AK 1 | C5: Abrechnung über die Krankenkasse | D5: Alltagshilfe | E5: 31.25 | F5: pro 1,00 Std. inkl. Einsatzpauschale | H5: AK 0,167 | I5: 6 | J5: pro 10 Minuten inkl. EP
A6: AK 1,167 | B6: Leistung 1,167 | C6: Abrechnung über die Krankenkasse | D6: Alltagshilfe | E6: 37.25 | F6: pro 1,10 Std. inkl. Einsatzpauschale | H6: AK 1 | I6: 31.25 | J6: pro 1,00 Std. inkl. EP
A7: AK 1,5 | B7: Leistung AK 1,5 | C7: Abrechnung über die Krankenkasse | D7: Alltagshilfe | E7: 46.88 | F7: pro 1,30 Std. inkl. Einsatzpauschale | H7: AK 1,167 | I7: 37.25 | J7: pro 1,10 Std. inkl. EP
A8: AK 1,667 | B8: Leistung 1,667 | C8: Abrechnung über die Krankenkasse | D8: Alltagshilfe | E8: 52.88 | F8: pro 1,40 Std. inkl. Einsatzpauschale | H8: AK 1,5 | I8: 46.88 | J8: pro 1,30 Std. inkl. EP
A9: AK 2 | B9: Leistung AK 2 | C9: Abrechnung über die Krankenkasse | D9: Alltagshilfe | E9: 62.5 | F9: pro 2,00 Std. inkl. Einsatzpauschale | H9: AK 1,667 | I9: 52.88 | J9: pro 1,40 Std. inkl. EP
A10: AK 2,167 | B10: Leistung 2,167 | C10: Abrechnung über die Krankenkasse | D10: Alltagshilfe | E10: 68.5 | F10: pro 2,10 Std. inkl. Einsatzpauschale | H10: AK 2 | I10: 62.5 | J10: pro 2,00 Std. inkl. EP
A11: AK 2,5 | B11: Leistung AK 2,5 | C11: Abrechnung über die Krankenkasse | D11: Alltagshilfe | E11: 78.13 | F11: pro 2,30 Std. inkl. Einsatzpauschale | H11: AK 2,167 | I11: 68.5 | J11: pro 2,10 Std. inkl. EP
A12: AK 2,667 | B12: Leistung AK 2,667 | C12: Abrechnung über die Krankenkasse | D12: Alltagshilfe | E12: 83.13 | F12: pro 2,40 Std inkl. Einsatzpauschale
A13: AK 3 | B13: Leistung AK 3 | C13: Abrechnung über die Krankenkasse | D13: Alltagshilfe | E13: 93.75 | F13: pro 3 Stunden inkl. Einsatzpauschale | H13: AK 2,5 | I13: 78.13 | J13: pro 2,30 Std. inkl. EP
A14: AK 3,5 | B14: Leistung AK 3,5 | C14: Abrechnung über die Krankenkasse | D14: Alltagshilfe | E14: 109.38 | F14: pro 3,5 Stunden inkl. Einsatzpauschale | H14: AK 2,667 | I14: 84.13 | J14: pro 2,40 Std. inkl. EP
A15: AK 4 | B15: Leistung AK 4 | C15: Abrechnung über die Krankenkasse | D15: Alltagshilfe | E15: 125 | F15: pro 4 Stunden inkl. Einsatzpauschale | H15: AK 2,75 | I15: 54.69 | J15: pro 2,75 Std. inkl EP
A16: AK 4,5 | B16: Leistung AK 4,5 | C16: Abrechnung über die Krankenkasse | D16: Alltagshilfe | E16: 140.63 | F16: pro 4,5 Stunden inkl. Einsatzpauschale | H16: AK 3 | I16: 93.75 | J16: pro 3,00 Std. inkl. EP
A17: AK 5 | B17: Leistung AK 5 | C17: Abrechnung über die Krankenkasse | D17: Alltagshilfe | E17: 156.25 | F17: pro 5 Stunden inkl. Einsatzpauschale | H17: AK 3,167 | I17: 99.75 | J17: pro 3,10 Std. inkl. EP
A18: AK 5,5 | B18: Leistung AK 5,5 | C18: Abrechnung über die Krankenkasse | D18: Alltagshilfe | E18: 171.88 | F18: pro 5,5 Stunden inkl. Einsatzpauschale | H18: AK 3,5 | I18: 109.38 | J18: pro 3,30 Std. inkl. EP
A19: AK 6 | B19: Leistung AK 6 | C19: Abrechnung über die Krankenkasse | D19: Alltagshilfe | E19: 189 | F19: pro 6 Stunden inkl. Einsatzpauschale | H19: AK 3,667 | I19: 115.38 | J19: pro 3,40 Std. inkl. EP
A20: AK 6,5 | B20: Leistung AK 6,5 | C20: Abrechnung über die Krankenkasse | D20: Alltagshilfe | E20: 204.63 | F20: pro 6,5 Stunden inkl. Einsatzpauschale | H20: AK 4 | I20: 125 | J20: pro 4,00 Std. inkl. EP
A21: AK 7 | B21: Leistung AK 7 | C21: Abrechnung über die Krankenkasse | D21: Alltagshilfe | E21: 220.25 | F21: pro 7 Stunden inkl. Einsatzpauschale | H21: AK 4,167 | I21: 131 | J21: pro 4,10 Std. inkl. EP
A22: AK 7,5 | B22: Leistung AK 7,5 | C22: Abrechnung über die Krankenkasse | D22: Alltagshilfe | E22: 235.88 | F22: pro 7,5 Stunden inkl. Einsatzpauschale | H22: AK 4,5 | I22: 140.63 | J22: pro 4,30 Std. inkl. EP
A23: AK 8 | B23: Leistung AK 8 | C23: Abrechnung über die Krankenkasse | D23: Alltagshilfe | E23: 251.5 | F23: pro 8 Stunden inkl. Einsatzpauschale | H23: AK 4,667 | I23: 146.63 | J23: pro 4,40 Std. inkl. EP
A24: AK 8,5 | B24: Leistung AK 8,5 | C24: Abrechnung über die Krankenkasse | D24: Alltagshilfe | E24: 276.125 | F24: pro 8,5 Stunden inkl. Einsatzpauschale | H24: AK 5 | I24: 156.25 | J24: pro 5,00 Std. inkl. EP
... A57: PK 8,5 | B57: Leistung PK 8,5 | C57: Abrechnung über Kunde/Kundin | D57: Privatrechnung | E57: 212.5 | F57: pro 8,5 Stunden excl. Einsatzpauschale | H57: VP 8,5 | I57: 257.98 | J57: pro 8,5 Std. inkl. EP
H58: PK EP | I58: 5.35 | J58: Einsatzpauschale
H59: PK 1 | I59: 25 | J59: pro 1 Std. inkl. EP
H60: PK 1,5 | I60: 37.5 | J60: pro 1,5 Std. inkl. EP
H61: PK 2 | I61: 50 | J61: pro 2 Std, inkl. EP
H62: PK 2,5 | I62: 62.5 | J62: pro 2,5 Std. inkl. EP
H63: PK 3 | I63: 75 | J63: pro 3 Std. inkl. EP
H64: PK 3,5 | I64: 87.5 | J64: pro 3,5 Std. inkl. EP
H65: PK 4 | I65: 100 | J65: pro 4 Std. inkl. EP
H66: PK 4,5 | I66: 112.5 | J66: pro 4,5 Std. inkl. EP
H67: PK 5 | I67: 125 | J67: pro 5 Std. inkl. EP
H68: PK 5,5 | I68: 137.5 | J68: pro 5,5 Std. inkl. EP
H69: PK 6 | I69: 150 | J69: pro 6 Std. inkl. EP
... H74: PK 8,5 | I74: 212.5 | J74: pro 8,5 Std. inkl. EP
H75: AK 001 | I75: =[1]Informationen!O8 -> 0 | J75: Gutschrift
